Bib,Catalog,Normalized,Name,Different?,IRI,LC ID
615210,https://search.library.yale.edu/catalog/615210,ford william,"Ford, William.",T,http://id.loc.gov/authorities/names/n2006006349,http://id.loc.gov/authorities/names/n2006006349
615210,https://search.library.yale.edu/catalog/615210,ford william,"Ford, William.",T,http://id.loc.gov/authorities/names/n2006006349,http://id.loc.gov/authorities/names/n2006006349
615258,https://search.library.yale.edu/catalog/615258,hollingsworth thomas henry,"Hollingsworth, Thomas Henry,",F,http://id.loc.gov/authorities/names/no2002086684,http://id.loc.gov/authorities/names/no2002086684
615405,https://search.library.yale.edu/catalog/615405,saffery a lynn ambrose lynn,"Saffery, A. Lynn (Ambrose Lynn)",F,http://id.loc.gov/authorities/names/no2006086209,http://id.loc.gov/authorities/names/no2006086209
615405,https://search.library.yale.edu/catalog/615405,saffery a lynn ambrose lynn,"Saffery, A. Lynn (Ambrose Lynn)",F,http://id.loc.gov/authorities/names/no2006086209,http://id.loc.gov/authorities/names/no2006086209
615427,https://search.library.yale.edu/catalog/615427,cassell christian abayomi,"Cassell, Christian Abayomi,",F,http://id.loc.gov/authorities/names/no2005003150,http://id.loc.gov/authorities/names/no2005003150
615427,https://search.library.yale.edu/catalog/615427,cassell christian abayomi,"Cassell, Christian Abayomi,",F,http://id.loc.gov/authorities/names/no2005003150,http://id.loc.gov/authorities/names/no2005003150
615579,https://search.library.yale.edu/catalog/615579,tulane victor h,"Tulane, Victor H.",F,http://id.loc.gov/authorities/names/n96050696,http://id.loc.gov/authorities/names/n96050696
615824,https://search.library.yale.edu/catalog/615824,markham violet r violet rosa,"Markham, Violet R. (Violet Rosa)",F,http://id.loc.gov/authorities/names/n86855167,http://id.loc.gov/authorities/names/n86855167
615968,https://search.library.yale.edu/catalog/615968,taylor john r m john rodgers meigs,"Taylor, John R. M. (John Rodgers Meigs)",F,http://id.loc.gov/authorities/names/n85388756,http://id.loc.gov/authorities/names/n85388756
615991,https://search.library.yale.edu/catalog/615991,kulumba ali sheikh,"Kulumba, Ali, Sheikh.",F,http://id.loc.gov/authorities/names/no2001055643,http://id.loc.gov/authorities/names/no2001055643
616000,https://search.library.yale.edu/catalog/616000,ramsay j g james graham,"Ramsay, J. G. (James Graham)",F,http://id.loc.gov/authorities/names/n89658881,http://id.loc.gov/authorities/names/n89658881
616640,https://search.library.yale.edu/catalog/616640,danquah j b joseph boakye,"Danquah, J. B. (Joseph Boakye)",F,http://id.loc.gov/authorities/names/n84042679,http://id.loc.gov/authorities/names/n84042679
616658,https://search.library.yale.edu/catalog/616658,barrington thomas sir,"Barrington, Thomas, Sir.",F,http://id.loc.gov/authorities/names/n85057337,http://id.loc.gov/authorities/names/n85057337
752831,https://search.library.yale.edu/catalog/752831,lipski j jozef,"Lipski, J. (Józef)",F,http://id.loc.gov/authorities/names/n2009031649,http://id.loc.gov/authorities/names/n2009031649
1083419,https://search.library.yale.edu/catalog/1083419,simons h j harold jack,"Simons, H. J. (Harold Jack)",F,http://id.loc.gov/authorities/names/n50026261,http://id.loc.gov/authorities/names/n50026261
1083419,https://search.library.yale.edu/catalog/1083419,simons r e ray esther,"Simons, R. E. (Ray Esther)",F,http://id.loc.gov/authorities/names/n86803796,http://id.loc.gov/authorities/names/n86803796
1129331,https://search.library.yale.edu/catalog/1129331,spencer william clergyman,"Spencer, William, clergyman.",F,http://id.loc.gov/authorities/names/n96030435,http://id.loc.gov/authorities/names/n96030435
2973590,https://search.library.yale.edu/catalog/2973590,craft james of burlington nj,"Craft, James, of Burlington, N.J.",F,http://id.loc.gov/authorities/names/nr92016753,http://id.loc.gov/authorities/names/nr92016753
3107009,https://search.library.yale.edu/catalog/3107009,schaeffer l m luther melanchthon,"Schaeffer, L. M. (Luther Melanchthon)",F,http://id.loc.gov/authorities/names/nr00032870,http://id.loc.gov/authorities/names/nr00032870
3117106,https://search.library.yale.edu/catalog/3117106,owen g w george w,"Owen, G. W. (George W.)",F,http://id.loc.gov/authorities/names/no95037101,http://id.loc.gov/authorities/names/no95037101
3117914,https://search.library.yale.edu/catalog/3117914,jacobs saml samuel,"Jacobs, Sam'l (Samuel)",M,http://id.loc.gov/authorities/names/no96057905,http://id.loc.gov/authorities/names/no96057905
3122305,https://search.library.yale.edu/catalog/3122305,johnson j a john a,"Johnson, J. A. (John A.)",T,http://id.loc.gov/authorities/names/n96065571,http://id.loc.gov/authorities/names/n96065571
3133079,https://search.library.yale.edu/catalog/3133079,mcgillycuddy julia b julia blanchard,"McGillycuddy, Julia B. (Julia Blanchard)",T,http://id.loc.gov/authorities/names/n89670543,http://id.loc.gov/authorities/names/n89670543
3143130,https://search.library.yale.edu/catalog/3143130,sloat john d john drake,"Sloat, John D. (John Drake)",F,http://id.loc.gov/authorities/names/nr91011431,http://id.loc.gov/authorities/names/nr91011431
3150816,https://search.library.yale.edu/catalog/3150816,jones captain,"Jones, Captain.",T,http://id.loc.gov/authorities/names/n85088598,http://id.loc.gov/authorities/names/n85088598
3150816,https://search.library.yale.edu/catalog/3150816,sherburne john p john pitts,"Sherburne, John P. (John Pitts)",F,http://id.loc.gov/authorities/names/n88020512,http://id.loc.gov/authorities/names/n88020512
3152875,https://search.library.yale.edu/catalog/3152875,jewell david dr,"Jewell, David, Dr.",T,http://id.loc.gov/authorities/names/n97802248,http://id.loc.gov/authorities/names/n97802248
3152911,https://search.library.yale.edu/catalog/3152911,price rose sir,"Price, Rose, Sir.",M,http://id.loc.gov/authorities/names/n88108981,http://id.loc.gov/authorities/names/n88108981
3154298,https://search.library.yale.edu/catalog/3154298,abernethy alexander s alexander smith,"Abernethy, Alexander S. (Alexander Smith)",F,http://id.loc.gov/authorities/names/n88127514,http://id.loc.gov/authorities/names/n88127514
3156108,https://search.library.yale.edu/catalog/3156108,buchanan j c john c,"Buchanan, J. C. (John C.)",T,http://id.loc.gov/authorities/names/n82012906,http://id.loc.gov/authorities/names/n82012906
3165093,https://search.library.yale.edu/catalog/3165093,magraw william m f,"Magraw, William M. F.",F,http://id.loc.gov/authorities/names/no2021054479,http://id.loc.gov/authorities/names/no2021054479
3166739,https://search.library.yale.edu/catalog/3166739,preston jno b john b,"Preston, Jno. B. (John B.)",F,http://id.loc.gov/authorities/names/nr93040324,http://id.loc.gov/authorities/names/nr93040324
3166765,https://search.library.yale.edu/catalog/3166765,davis william william j,"Davis, William (William J.)",T,http://id.loc.gov/authorities/names/n85292342,http://id.loc.gov/authorities/names/n85292342
3169295,https://search.library.yale.edu/catalog/3169295,kingsley mrs,"Kingsley, Mrs.",M,http://id.loc.gov/authorities/names/n2022065113,http://id.loc.gov/authorities/names/n2022065113
3201115,https://search.library.yale.edu/catalog/3201115,coombs f frederick,"Coombs, F. (Frederick)",F,http://id.loc.gov/authorities/names/nr00015971,http://id.loc.gov/authorities/names/nr00015971
3204345,https://search.library.yale.edu/catalog/3204345,ochoa jose a,"Ochoa, José A.",T,http://id.loc.gov/authorities/names/no2003043748,http://id.loc.gov/authorities/names/no2003043748
3204961,https://search.library.yale.edu/catalog/3204961,may c a charles a,"May, C. A. (Charles A.)",T,http://id.loc.gov/authorities/names/n83327616,http://id.loc.gov/authorities/names/n83327616
3337618,https://search.library.yale.edu/catalog/3337618,slack j c john c,"Slack, J. C. (John C.)",T,http://id.loc.gov/authorities/names/nr98031783,http://id.loc.gov/authorities/names/nr98031783
3440839,https://search.library.yale.edu/catalog/3440839,coleman george p,"Coleman, George P.",T,http://id.loc.gov/authorities/names/no2011095352,http://id.loc.gov/authorities/names/no2011095352
3535878,https://search.library.yale.edu/catalog/3535878,pacheco de cordova y bocanegra francisco marques de villamayor,"Pacheco de Córdova y Bocanegra, Francisco, marqués de Villamayor.",F,http://id.loc.gov/authorities/names/nr2004020840,http://id.loc.gov/authorities/names/nr2004020840
3536041,https://search.library.yale.edu/catalog/3536041,pacheco de cordova y bocanegra francisco marques de villamayor,"Pacheco de Córdova y Bocanegra, Francisco, marqués de Villamayor.",F,http://id.loc.gov/authorities/names/nr2004020840,http://id.loc.gov/authorities/names/nr2004020840
3536464,https://search.library.yale.edu/catalog/3536464,pacheco de cordova y bocanegra francisco marques de villamayor,"Pacheco de Córdova y Bocanegra, Francisco, marqués de Villamayor.",F,http://id.loc.gov/authorities/names/nr2004020840,http://id.loc.gov/authorities/names/nr2004020840
3536477,https://search.library.yale.edu/catalog/3536477,pacheco de cordova y bocanegra francisco marques de villamayor,"Pacheco de Córdova y Bocanegra, Francisco, marqués de Villamayor.",F,http://id.loc.gov/authorities/names/nr2004020840,http://id.loc.gov/authorities/names/nr2004020840
3595255,https://search.library.yale.edu/catalog/3595255,pacheco de cordova y bocanegra francisco marques de villamayor,"Pacheco de Córdova y Bocanegra, Francisco, marqués de Villamayor.",F,http://id.loc.gov/authorities/names/nr2004020840,http://id.loc.gov/authorities/names/nr2004020840
3668969,https://search.library.yale.edu/catalog/3668969,butler david p,"Butler, David P.",F,http://id.loc.gov/authorities/names/n2017181331,http://id.loc.gov/authorities/names/n2017181331
3676570,https://search.library.yale.edu/catalog/3676570,monte-snyder joh de johannes,"Monte-Snyder, Joh. de (Johannes)",F,http://id.loc.gov/authorities/names/n92801064,http://id.loc.gov/authorities/names/n92801064
3739906,https://search.library.yale.edu/catalog/3739906,joseph son of jacob,Joseph (Son of Jacob),F,http://id.loc.gov/authorities/names/n79097427,http://id.loc.gov/authorities/names/n79097427
3740515,https://search.library.yale.edu/catalog/3740515,richter paul,"Richter, Paul.",T,http://id.loc.gov/authorities/names/n84023014,http://id.loc.gov/authorities/names/n84023014
3742594,https://search.library.yale.edu/catalog/3742594,joseph son of jacob,Joseph (Son of Jacob),,http://id.loc.gov/authorities/names/n79097427,http://id.loc.gov/authorities/names/n79097427
3743142,https://search.library.yale.edu/catalog/3743142,daniel biblical figure,Daniel (Biblical figure),,http://id.loc.gov/authorities/names/n50082264,http://id.loc.gov/authorities/names/n50082264
3743142,https://search.library.yale.edu/catalog/3743142,daniel biblical figure,Daniel (Biblical figure),,http://id.loc.gov/authorities/names/n50082264,http://id.loc.gov/authorities/names/n50082264
3751167,https://search.library.yale.edu/catalog/3751167,butler c e charles e,"Butler, C. E. (Charles E.)",,http://id.loc.gov/authorities/names/no2005035606,http://id.loc.gov/authorities/names/no2005035606
3804459,https://search.library.yale.edu/catalog/3804459,eutocius of ascalon,"Eutocius, of Ascalon.",,http://id.loc.gov/authorities/names/n85056938,http://id.loc.gov/authorities/names/n85056938
3910681,https://search.library.yale.edu/catalog/3910681,rees j rogers john rogers,"Rees, J. Rogers (John Rogers)",,http://id.loc.gov/authorities/names/no96027547,http://id.loc.gov/authorities/names/no96027547
3910681,https://search.library.yale.edu/catalog/3910681,rees j rogers john rogers,"Rees, J. Rogers (John Rogers)",,http://id.loc.gov/authorities/names/no96027547,http://id.loc.gov/authorities/names/no96027547
3923481,https://search.library.yale.edu/catalog/3923481,fellowes w d william dorset,"Fellowes, W. D. (William Dorset)",,http://id.loc.gov/authorities/names/nr95019076,http://id.loc.gov/authorities/names/nr95019076
3923481,https://search.library.yale.edu/catalog/3923481,fellowes w d william dorset,"Fellowes, W. D. (William Dorset)",,http://id.loc.gov/authorities/names/nr95019076,http://id.loc.gov/authorities/names/nr95019076
3933209,https://search.library.yale.edu/catalog/3933209,mary magdalene saint,"Mary Magdalene, Saint.",,http://id.loc.gov/authorities/names/n79032992,http://id.loc.gov/authorities/names/n79032992
3937823,https://search.library.yale.edu/catalog/3937823,john the apostle saint,"John, the Apostle, Saint.",,http://id.loc.gov/authorities/names/n79060715,http://id.loc.gov/authorities/names/n79060715
3949364,https://search.library.yale.edu/catalog/3949364,xenophon of ephesus,"Xenophon, of Ephesus.",,http://id.loc.gov/authorities/names/n80051712,http://id.loc.gov/authorities/names/n80051712
3963317,https://search.library.yale.edu/catalog/3963317,visiak e h edward harold,"Visiak, E. H. (Edward Harold)",,http://id.loc.gov/authorities/names/n79090189,http://id.loc.gov/authorities/names/n79090189
3963563,https://search.library.yale.edu/catalog/3963563,powys gertrude m gertrude mary,"Powys, Gertrude M. (Gertrude Mary)",,http://id.loc.gov/authorities/names/nr90000571,http://id.loc.gov/authorities/names/nr90000571
3963608,https://search.library.yale.edu/catalog/3963608,knighton lady,"Knighton, Lady.",,http://id.loc.gov/authorities/names/no95016260,http://id.loc.gov/authorities/names/no95016260
3993512,https://search.library.yale.edu/catalog/3993512,martin j j james john,"Martin, J. J. (James John)",,http://id.loc.gov/authorities/names/n88668832,http://id.loc.gov/authorities/names/n88668832
3993512,https://search.library.yale.edu/catalog/3993512,martin j j james john,"Martin, J. J. (James John)",,http://id.loc.gov/authorities/names/n88668832,http://id.loc.gov/authorities/names/n88668832
3995132,https://search.library.yale.edu/catalog/3995132,gratton joseph,"Gratton, Joseph.",,http://id.loc.gov/authorities/names/nb2007019184,http://id.loc.gov/authorities/names/nb2007019184
4006219,https://search.library.yale.edu/catalog/4006219,manuel de san jose fray,"Manuel de San José, fray.",,http://id.loc.gov/authorities/names/n78039002,http://id.loc.gov/authorities/names/n78039002
4053020,https://search.library.yale.edu/catalog/4053020,owen captain,"Owen, Captain.",,http://id.loc.gov/authorities/names/nb2009001563,http://id.loc.gov/authorities/names/nb2009001563
4053020,https://search.library.yale.edu/catalog/4053020,owen captain,"Owen, Captain.",,http://id.loc.gov/authorities/names/nb2009001563,http://id.loc.gov/authorities/names/nb2009001563
4077624,https://search.library.yale.edu/catalog/4077624,gillum virginia a virginia anne,"Gillum, Virginia A. (Virginia Anne)",,http://id.loc.gov/authorities/names/nr98035655,http://id.loc.gov/authorities/names/nr98035655
4097525,https://search.library.yale.edu/catalog/4097525,lyttelton sybella lady,"Lyttelton, Sybella, Lady.",,http://id.loc.gov/authorities/names/nr92025016,http://id.loc.gov/authorities/names/nr92025016
4115216,https://search.library.yale.edu/catalog/4115216,dakini buddhist deity,Ḍākinī (Buddhist deity),,http://id.loc.gov/authorities/subjects/sh85035482,http://id.loc.gov/authorities/subjects/sh85035482
4116465,https://search.library.yale.edu/catalog/4116465,avalokitesvara buddhist deity,Avalokiteśvara (Buddhist deity),,http://id.loc.gov/authorities/subjects/sh85010492,http://id.loc.gov/authorities/subjects/sh85010492
4120141,https://search.library.yale.edu/catalog/4120141,frink charles ph d,"Frink, Charles, Ph. D.",,http://id.loc.gov/authorities/names/n94074900,http://id.loc.gov/authorities/names/n94074900
4122931,https://search.library.yale.edu/catalog/4122931,muromtseva-bunina v n vera nikolaevna,"Muromt︠s︡eva-Bunina, V. N. (Vera Nikolaevna)",,http://id.loc.gov/authorities/names/n83186313,http://id.loc.gov/authorities/names/n83186313
4241753,https://search.library.yale.edu/catalog/4241753,maguire t miller thomas miller,"Maguire, T. Miller (Thomas Miller)",,http://id.loc.gov/authorities/names/n88665761,http://id.loc.gov/authorities/names/n88665761
4241753,https://search.library.yale.edu/catalog/4241753,maguire t miller thomas miller,"Maguire, T. Miller (Thomas Miller)",,http://id.loc.gov/authorities/names/n88665761,http://id.loc.gov/authorities/names/n88665761
4249615,https://search.library.yale.edu/catalog/4249615,luna antonio,"Luna, Antonio.",,http://id.loc.gov/authorities/names/n2008182513,http://id.loc.gov/authorities/names/n2008182513
4258454,https://search.library.yale.edu/catalog/4258454,sacy samuel s de samuel silvestre,"Sacy, Samuel S. de (Samuel Silvestre)",,http://id.loc.gov/authorities/names/n50052126,http://id.loc.gov/authorities/names/n50052126
4274159,https://search.library.yale.edu/catalog/4274159,john of damascus saint,"John, of Damascus, Saint.",,http://id.loc.gov/authorities/names/n80032173,http://id.loc.gov/authorities/names/n80032173
4275365,https://search.library.yale.edu/catalog/4275365,alexius saint,"Alexius, Saint.",,http://id.loc.gov/authorities/names/n50072216,http://id.loc.gov/authorities/names/n50072216
4301560,https://search.library.yale.edu/catalog/4301560,garver m s milton stahl,"Garver, M. S. (Milton Stahl)",,http://id.loc.gov/authorities/names/no91004921,http://id.loc.gov/authorities/names/no91004921
4305738,https://search.library.yale.edu/catalog/4305738,osler grace revere gross lady,"Osler, Grace Revere Gross, Lady.",,http://id.loc.gov/authorities/names/n85092193,http://id.loc.gov/authorities/names/n85092193
4309580,https://search.library.yale.edu/catalog/4309580,macer floridus,"Macer, Floridus.",,http://id.loc.gov/authorities/names/n84806519,http://id.loc.gov/authorities/names/n84806519
4314227,https://search.library.yale.edu/catalog/4314227,churchward c maxwell clerk maxwell,"Churchward, C. Maxwell (Clerk Maxwell)",,http://id.loc.gov/authorities/names/n88174082,http://id.loc.gov/authorities/names/n88174082
4336905,https://search.library.yale.edu/catalog/4336905,sedgwick william t mrs,"Sedgwick, William T., Mrs.",,http://id.loc.gov/authorities/names/nr99000760,http://id.loc.gov/authorities/names/nr99000760
4340942,https://search.library.yale.edu/catalog/4340942,adams g j george j,"Adams, G. J. (George J.)",,http://id.loc.gov/authorities/names/n79121245,http://id.loc.gov/authorities/names/n79121245
4374410,https://search.library.yale.edu/catalog/4374410,shelley henry c henry charles,"Shelley, Henry C. (Henry Charles)",,http://id.loc.gov/authorities/names/no93029164,http://id.loc.gov/authorities/names/no93029164
4459076,https://search.library.yale.edu/catalog/4459076,miller j graham john graham,"Miller, J. Graham (John Graham)",,http://id.loc.gov/authorities/names/n88039085,http://id.loc.gov/authorities/names/n88039085
4496764,https://search.library.yale.edu/catalog/4496764,lone wolf kiowa indian,"Lone Wolf, Kiowa Indian.",,http://id.loc.gov/authorities/names/n94018080,http://id.loc.gov/authorities/names/n94018080
4517516,https://search.library.yale.edu/catalog/4517516,nicolaus of damascus,"Nicolaus, of Damascus.",,http://id.loc.gov/authorities/names/n85344961,http://id.loc.gov/authorities/names/n85344961
4525645,https://search.library.yale.edu/catalog/4525645,apuleius barbarus herbarium,"Apuleius, Barbarus. Herbarium.",,http://id.loc.gov/authorities/names/no2018065489,http://id.loc.gov/authorities/names/no2018065489
4525645,https://search.library.yale.edu/catalog/4525645,placitus sextus papyriensis,"Placitus, Sextus, Papyriensis.",,http://id.loc.gov/authorities/names/no98079800,http://id.loc.gov/authorities/names/no98079800
4631558,https://search.library.yale.edu/catalog/4631558,wylie w w william wallace,"Wylie, W. W. (William Wallace)",,http://id.loc.gov/authorities/names/no99084350,http://id.loc.gov/authorities/names/no99084350
4667357,https://search.library.yale.edu/catalog/4667357,moens a adrian,"Moens, A. (Adrian)",,http://id.loc.gov/authorities/names/n85381146,http://id.loc.gov/authorities/names/n85381146
4673723,https://search.library.yale.edu/catalog/4673723,gilbertus anglicus,"Gilbertus, Anglicus.",,http://id.loc.gov/authorities/names/n84804335,http://id.loc.gov/authorities/names/n84804335
4705153,https://search.library.yale.edu/catalog/4705153,macer floridus,"Macer, Floridus.",,http://id.loc.gov/authorities/names/n84806519,http://id.loc.gov/authorities/names/n84806519
4718670,https://search.library.yale.edu/catalog/4718670,dioscorides pedanius of anazarbos,"Dioscorides Pedanius, of Anazarbos.",,http://id.loc.gov/authorities/names/n83204415,http://id.loc.gov/authorities/names/n83204415
4720623,https://search.library.yale.edu/catalog/4720623,rufus of ephesus,"Rufus, of Ephesus.",,http://id.loc.gov/authorities/names/n83122630,http://id.loc.gov/authorities/names/n83122630
4720623,https://search.library.yale.edu/catalog/4720623,rufus of ephesus de appellationibus partium corporis humani,"Rufus, of Ephesus. De appellationibus partium corporis humani.",,http://id.loc.gov/authorities/names/n83122546,http://id.loc.gov/authorities/names/n83122546
4731460,https://search.library.yale.edu/catalog/4731460,stephanus of athens,"Stephanus, of Athens.",,http://id.loc.gov/authorities/names/n85183153,http://id.loc.gov/authorities/names/n85183153
4769990,https://search.library.yale.edu/catalog/4769990,elder thomas l thomas lindsay,"Elder, Thomas L. (Thomas Lindsay)",,http://id.loc.gov/authorities/names/no2001062595,http://id.loc.gov/authorities/names/no2001062595
4772826,https://search.library.yale.edu/catalog/4772826,watson william rev,"Watson, William, Rev.",,http://id.loc.gov/authorities/names/nb2007010538,http://id.loc.gov/authorities/names/nb2007010538
4777367,https://search.library.yale.edu/catalog/4777367,brimont r de renee de,"Brimont, R. de (Renée de)",,http://id.loc.gov/authorities/names/nr97044758,http://id.loc.gov/authorities/names/nr97044758
4881281,https://search.library.yale.edu/catalog/4881281,stephanus of alexandria,"Stephanus, of Alexandria.",,http://id.loc.gov/authorities/names/n84179562,http://id.loc.gov/authorities/names/n84179562
6123375,https://search.library.yale.edu/catalog/6123375,kosakoff r reuven,"Kosakoff, R. (Reuven)",,http://id.loc.gov/authorities/names/n93038320,http://id.loc.gov/authorities/names/n93038320
6278603,https://search.library.yale.edu/catalog/6278603,mcbride j h john h,"McBride, J. H. (John H.)",,http://id.loc.gov/authorities/names/no00078729,http://id.loc.gov/authorities/names/no00078729
6349152,https://search.library.yale.edu/catalog/6349152,inchaustegui j marino joaquin marino,"Incháustegui, J. Marino (Joaquín Marino)",,http://id.loc.gov/authorities/names/no98130685,http://id.loc.gov/authorities/names/no98130685
6353432,https://search.library.yale.edu/catalog/6353432,saunders cicely m dame,"Saunders, Cicely M., Dame.",,http://id.loc.gov/authorities/names/n81096865,http://id.loc.gov/authorities/names/n81096865
6579368,https://search.library.yale.edu/catalog/6579368,dell w s william stanley,"Dell, W. S. (William Stanley)",,http://id.loc.gov/authorities/names/nb2002066002,http://id.loc.gov/authorities/names/nb2002066002
6746061,https://search.library.yale.edu/catalog/6746061,foxon david f david fairweather,"Foxon, David F. (David Fairweather)",,http://id.loc.gov/authorities/names/n90625799,http://id.loc.gov/authorities/names/n90625799
6958260,https://search.library.yale.edu/catalog/6958260,steel w g william gladstone,"Steel, W. G. (William Gladstone)",,http://id.loc.gov/authorities/names/no2008048022,http://id.loc.gov/authorities/names/no2008048022
7374685,https://search.library.yale.edu/catalog/7374685,brandt c carol,"Brandt, C. (Carol)",,http://id.loc.gov/authorities/names/nb2009019600,http://id.loc.gov/authorities/names/nb2009019600
7693380,https://search.library.yale.edu/catalog/7693380,chapman ezekiel j ezekiel jones,"Chapman, Ezekiel J. (Ezekiel Jones)",,http://id.loc.gov/authorities/names/nr2003018645,http://id.loc.gov/authorities/names/nr2003018645
7763963,https://search.library.yale.edu/catalog/7763963,koch frederick r frederick robinson,"Koch, Frederick R. (Frederick Robinson)",,http://id.loc.gov/authorities/names/n2001031019,http://id.loc.gov/authorities/names/n2001031019
7772536,https://search.library.yale.edu/catalog/7772536,maclehose james publisher,"Maclehose, James (Publisher)",,http://id.loc.gov/authorities/names/nr93005796,http://id.loc.gov/authorities/names/nr93005796
8391628,https://search.library.yale.edu/catalog/8391628,visiak e h edward harold,"Visiak, E. H. (Edward Harold)",,http://id.loc.gov/authorities/names/n79090189,http://id.loc.gov/authorities/names/n79090189
8792411,https://search.library.yale.edu/catalog/8792411,eyles john sir,"Eyles, John, Sir.",,http://id.loc.gov/authorities/names/n88145434,http://id.loc.gov/authorities/names/n88145434
9061461,https://search.library.yale.edu/catalog/9061461,hesketh robert architect,"Hesketh, Robert, architect.",,http://id.loc.gov/authorities/names/n88175057,http://id.loc.gov/authorities/names/n88175057
9141217,https://search.library.yale.edu/catalog/9141217,chambers robert e s robert edward stuart,"Chambers, Robert E. S. (Robert Edward Stuart)",,http://id.loc.gov/authorities/names/no96021976,http://id.loc.gov/authorities/names/no96021976
9454889,https://search.library.yale.edu/catalog/9454889,kali hindu deity,Kālī (Hindu deity),,http://id.loc.gov/authorities/subjects/sh88002593,http://id.loc.gov/authorities/subjects/sh88002593
9458395,https://search.library.yale.edu/catalog/9458395,drayton grace g grace gebbie,"Drayton, Grace G. (Grace Gebbie)",,http://id.loc.gov/authorities/names/n84034417,http://id.loc.gov/authorities/names/n84034417
9680037,https://search.library.yale.edu/catalog/9680037,mary blessed virgin saint--prayers and devotions,"Mary, Blessed Virgin, Saint--Prayers and devotions.",,http://id.loc.gov/authorities/subjects/sh85081723,http://id.loc.gov/authorities/subjects/sh85081723
10131525,https://search.library.yale.edu/catalog/10131525,sickman l c s laurence c s,"Sickman, L. C. S. (Laurence C. S.)",,http://id.loc.gov/authorities/names/n85089112,http://id.loc.gov/authorities/names/n85089112
10404357,https://search.library.yale.edu/catalog/10404357,taylor f m frank m,"Taylor, F. M. (Frank M.)",,http://id.loc.gov/authorities/names/no89001268,http://id.loc.gov/authorities/names/no89001268
10425916,https://search.library.yale.edu/catalog/10425916,lloyd richard,"Lloyd, Richard.",,http://id.loc.gov/authorities/names/no2014038610,http://id.loc.gov/authorities/names/no2014038610
10439388,https://search.library.yale.edu/catalog/10439388,painter c c charles cornelius,"Painter, C. C. (Charles Cornelius)",,http://id.loc.gov/authorities/names/n88071053,http://id.loc.gov/authorities/names/n88071053
10599362,https://search.library.yale.edu/catalog/10599362,wood a h e arthur h e,"Wood, A. H. E. (Arthur H. E.)",,http://id.loc.gov/authorities/names/n85242250,http://id.loc.gov/authorities/names/n85242250
10616576,https://search.library.yale.edu/catalog/10616576,jameson william,"Jameson, William.",,http://id.loc.gov/authorities/names/n85121892,http://id.loc.gov/authorities/names/n85121892
11035322,https://search.library.yale.edu/catalog/11035322,armbruster wm william,"Armbruster, Wm. (William)",,http://id.loc.gov/authorities/names/no2011192589,http://id.loc.gov/authorities/names/no2011192589
11070877,https://search.library.yale.edu/catalog/11070877,hermes trismegistus,"Hermes, Trismegistus.",,http://id.loc.gov/authorities/names/n80133312,http://id.loc.gov/authorities/names/n80133312
11173782,https://search.library.yale.edu/catalog/11173782,kingsford f florence,"Kingsford, F. (Florence)",,http://id.loc.gov/authorities/names/no00081250,http://id.loc.gov/authorities/names/no00081250
11320152,https://search.library.yale.edu/catalog/11320152,rubi cayetano maria pignatelli rubi corbera y saint clement marques de,"Rubí, Cayetano María Pignatelli Rubí Corbera y Saint Clement, marqués de.",,http://id.loc.gov/authorities/names/n95047406,http://id.loc.gov/authorities/names/n95047406
11320539,https://search.library.yale.edu/catalog/11320539,stanton madeline e madeline earle,"Stanton, Madeline E. (Madeline Earle)",,http://id.loc.gov/authorities/names/n84805775,http://id.loc.gov/authorities/names/n84805775
11402572,https://search.library.yale.edu/catalog/11402572,cholmeley robert f robert francis,"Cholmeley, Robert F. (Robert Francis)",,http://id.loc.gov/authorities/names/n2011074514,http://id.loc.gov/authorities/names/n2011074514
11402572,https://search.library.yale.edu/catalog/11402572,schloesser henry h henry herman,"Schloesser, Henry H. (Henry Herman)",,http://id.loc.gov/authorities/names/nb99026289,http://id.loc.gov/authorities/names/nb99026289
11681957,https://search.library.yale.edu/catalog/11681957,haworth m e martin e,"Haworth, M. E. (Martin E.)",,http://id.loc.gov/authorities/names/n2008013181,http://id.loc.gov/authorities/names/n2008013181
11706224,https://search.library.yale.edu/catalog/11706224,mahan margaret margaret elizabeth,"Mahan, Margaret (Margaret Elizabeth)",,http://id.loc.gov/authorities/names/no2015051150,http://id.loc.gov/authorities/names/no2015051150
11746157,https://search.library.yale.edu/catalog/11746157,westmacott richard sir,"Westmacott, Richard, Sir.",,http://id.loc.gov/authorities/names/n93067787,http://id.loc.gov/authorities/names/n93067787
11784703,https://search.library.yale.edu/catalog/11784703,golokhvastov georgii vladimirovich,"Golokhvastov, Georgiĭ Vladimirovich.",,http://id.loc.gov/authorities/names/n81058226,http://id.loc.gov/authorities/names/n81058226
11796007,https://search.library.yale.edu/catalog/11796007,skues g e m george edward mackenzie,"Skues, G. E. M. (George Edward Mackenzie)",,http://id.loc.gov/authorities/names/n85242261,http://id.loc.gov/authorities/names/n85242261
11802776,https://search.library.yale.edu/catalog/11802776,berg a scott andrew scott,"Berg, A. Scott (Andrew Scott)",,http://id.loc.gov/authorities/names/n77015700,http://id.loc.gov/authorities/names/n77015700
11812405,https://search.library.yale.edu/catalog/11812405,enriquez de guzman luis conde de alba de liste,"Enríquez de Guzmán, Luis, conde de Alba de Liste.",,http://id.loc.gov/authorities/names/nr93009708,http://id.loc.gov/authorities/names/nr93009708
11941787,https://search.library.yale.edu/catalog/11941787,orange james civil rights worker,"Orange, James (Civil rights worker)",,http://id.loc.gov/authorities/names/n2017011554,http://id.loc.gov/authorities/names/n2017011554
11997127,https://search.library.yale.edu/catalog/11997127,skues g e m george edward mackenzie,"Skues, G. E. M. (George Edward Mackenzie)",,http://id.loc.gov/authorities/names/n85242261,http://id.loc.gov/authorities/names/n85242261
12000358,https://search.library.yale.edu/catalog/12000358,sicre j p jean-pierre,"Sicre, J. P. (Jean-Pierre)",,http://id.loc.gov/authorities/names/n83328069,http://id.loc.gov/authorities/names/n83328069
12063958,https://search.library.yale.edu/catalog/12063958,kelley george george f,"Kelley, George (George F.)",,http://id.loc.gov/authorities/names/n93025404,http://id.loc.gov/authorities/names/n93025404
12250638,https://search.library.yale.edu/catalog/12250638,smith henry l,"Smith, Henry L.",,http://id.loc.gov/authorities/names/no2018031799,http://id.loc.gov/authorities/names/no2018031799
12305158,https://search.library.yale.edu/catalog/12305158,levett yeats s sidney,"Levett Yeats, S. (Sidney)",,http://id.loc.gov/authorities/names/no96016405,http://id.loc.gov/authorities/names/no96016405
12306537,https://search.library.yale.edu/catalog/12306537,simpson m c m mary charlotte mair,"Simpson, M. C. M. (Mary Charlotte Mair)",,http://id.loc.gov/authorities/names/nr89012907,http://id.loc.gov/authorities/names/nr89012907
12317013,https://search.library.yale.edu/catalog/12317013,daniels j m james maurice,"Daniels, J. M. (James Maurice)",,http://id.loc.gov/authorities/names/n83826666,http://id.loc.gov/authorities/names/n83826666
12368011,https://search.library.yale.edu/catalog/12368011,bourdin henri l henri louis,"Bourdin, Henri L. (Henri Louis)",,http://id.loc.gov/authorities/names/nr97042406,http://id.loc.gov/authorities/names/nr97042406
12445864,https://search.library.yale.edu/catalog/12445864,cohen thomas musician,"Cohen, Thomas (Musician)",,http://id.loc.gov/authorities/names/no2016049477,http://id.loc.gov/authorities/names/no2016049477
12464654,https://search.library.yale.edu/catalog/12464654,santa claus,Santa Claus.,,http://id.loc.gov/authorities/subjects/sh85117361,http://id.loc.gov/authorities/subjects/sh85117361
12466994,https://search.library.yale.edu/catalog/12466994,pearson henry b henry bromfield,"Pearson, Henry B. (Henry Bromfield)",,http://id.loc.gov/authorities/names/nr98034919,http://id.loc.gov/authorities/names/nr98034919
12499954,https://search.library.yale.edu/catalog/12499954,tippitt wm h william h,"Tippitt, Wm. H. (William H.)",,http://id.loc.gov/authorities/names/n87935795,http://id.loc.gov/authorities/names/n87935795
12506302,https://search.library.yale.edu/catalog/12506302,schoolcraft henry rowe mrs,"Schoolcraft, Henry Rowe, Mrs.",,http://id.loc.gov/authorities/names/n50002815,http://id.loc.gov/authorities/names/n50002815
12540511,https://search.library.yale.edu/catalog/12540511,paramore edward e jr,"Paramore, Edward E., Jr.",,http://id.loc.gov/authorities/names/no89006206,http://id.loc.gov/authorities/names/no89006206
12658656,https://search.library.yale.edu/catalog/12658656,catling b brian,"Catling, B. (Brian)",,http://id.loc.gov/authorities/names/no91007493,http://id.loc.gov/authorities/names/no91007493
12660240,https://search.library.yale.edu/catalog/12660240,winternitz m c milton c,"Winternitz, M. C. (Milton C.)",,http://id.loc.gov/authorities/names/nr91011520,http://id.loc.gov/authorities/names/nr91011520
12667504,https://search.library.yale.edu/catalog/12667504,kinsall a ray al ray,"Kinsall, A. Ray (Al Ray)",,http://id.loc.gov/authorities/names/no2001094364,http://id.loc.gov/authorities/names/no2001094364
12719786,https://search.library.yale.edu/catalog/12719786,apollonius of perga,"Apollonius, of Perga.",,http://id.loc.gov/authorities/names/n84003189,http://id.loc.gov/authorities/names/n84003189
12861240,https://search.library.yale.edu/catalog/12861240,hall wm ham william hammond,"Hall, Wm. Ham. (William Hammond)",,http://id.loc.gov/authorities/names/n88071730,http://id.loc.gov/authorities/names/n88071730
12887910,https://search.library.yale.edu/catalog/12887910,alexander de villa dei,"Alexander, de Villa Dei.",,http://id.loc.gov/authorities/names/n87113424,http://id.loc.gov/authorities/names/n87113424
12900692,https://search.library.yale.edu/catalog/12900692,evrard de bethune,"Evrard, de Béthune.",,http://id.loc.gov/authorities/names/nr89011697,http://id.loc.gov/authorities/names/nr89011697
13049998,https://search.library.yale.edu/catalog/13049998,wagner t s thomas s,"Wagner, T. S. (Thomas S.)",,http://id.loc.gov/authorities/names/n88080140,http://id.loc.gov/authorities/names/n88080140
13292063,https://search.library.yale.edu/catalog/13292063,crosby j w,"Crosby, J. W.",,http://id.loc.gov/authorities/names/n83155083,http://id.loc.gov/authorities/names/n83155083
13297694,https://search.library.yale.edu/catalog/13297694,david king of israel,"David, King of Israel.",,http://id.loc.gov/authorities/names/n79055293,http://id.loc.gov/authorities/names/n79055293
13387237,https://search.library.yale.edu/catalog/13387237,smith g f george franklin,"Smith, G. F. (George Franklin)",,http://id.loc.gov/authorities/names/nr95006145,http://id.loc.gov/authorities/names/nr95006145
13585683,https://search.library.yale.edu/catalog/13585683,enoch biblical figure,Enoch (Biblical figure),,http://id.loc.gov/authorities/names/n83173222,http://id.loc.gov/authorities/names/n83173222
13585683,https://search.library.yale.edu/catalog/13585683,hermes trismegistus,"Hermes, Trismegistus.",,http://id.loc.gov/authorities/names/n80133312,http://id.loc.gov/authorities/names/n80133312
13615691,https://search.library.yale.edu/catalog/13615691,fellowes w d william dorset,"Fellowes, W. D. (William Dorset)",,http://id.loc.gov/authorities/names/nr95019076,http://id.loc.gov/authorities/names/nr95019076
13676941,https://search.library.yale.edu/catalog/13676941,sherman a j ari joshua,"Sherman, A. J. (Ari Joshua)",,http://id.loc.gov/authorities/names/n79007242,http://id.loc.gov/authorities/names/n79007242
13678779,https://search.library.yale.edu/catalog/13678779,kryss t l tom l,"Kryss, T. L. (Tom L.)",,http://id.loc.gov/authorities/names/n86014797,http://id.loc.gov/authorities/names/n86014797
13894508,https://search.library.yale.edu/catalog/13894508,juan don legendary character,"Juan, Don (Legendary character)",,http://id.loc.gov/authorities/names/n2016019014,http://id.loc.gov/authorities/names/n2016019014
13927717,https://search.library.yale.edu/catalog/13927717,harris t s thompson s,"Harris, T. S. (Thompson S.)",,http://id.loc.gov/authorities/names/nr00026810,http://id.loc.gov/authorities/names/nr00026810
14106263,https://search.library.yale.edu/catalog/14106263,brune francis f,"Brune, Francis F.",,http://id.loc.gov/authorities/names/no2021088376,http://id.loc.gov/authorities/names/no2021088376
14483856,https://search.library.yale.edu/catalog/14483856,goss n s nathaniel s,"Goss, N. S. (Nathaniel S.)",,http://id.loc.gov/authorities/names/n80023184,http://id.loc.gov/authorities/names/n80023184
14485576,https://search.library.yale.edu/catalog/14485576,clayton j e joshua elliot,"Clayton, J. E. (Joshua Elliot)",,http://id.loc.gov/authorities/names/n2001079248,http://id.loc.gov/authorities/names/n2001079248
14533705,https://search.library.yale.edu/catalog/14533705,clawson h b hiram b,"Clawson, H. B. (Hiram B.)",,http://id.loc.gov/authorities/names/nr88009498,http://id.loc.gov/authorities/names/nr88009498
6790163,https://search.library.yale.edu/catalog/6790163,thiebault adolphe baron,"Thiébault, Adolphe, baron.",,http://id.loc.gov/authorities/names/n88125190,http://id.loc.gov/authorities/names/n88125190
7040191,https://search.library.yale.edu/catalog/7040191,pied piper of hamelin legendary character,Pied Piper of Hamelin (Legendary character),,http://id.loc.gov/authorities/subjects/sh85102034,http://id.loc.gov/authorities/subjects/sh85102034
7041173,https://search.library.yale.edu/catalog/7041173,falstaff john sir fictitious character,"Falstaff, John, Sir (Fictitious character)",,http://id.loc.gov/authorities/subjects/sh88001749,http://id.loc.gov/authorities/subjects/sh88001749
7041389,https://search.library.yale.edu/catalog/7041389,leander greek mythology,Leander (Greek mythology),,http://id.loc.gov/authorities/subjects/sh85075509,http://id.loc.gov/authorities/subjects/sh85075509
7041464,https://search.library.yale.edu/catalog/7041464,roland legendary character,Roland (Legendary character),,http://id.loc.gov/authorities/subjects/sh85114855,http://id.loc.gov/authorities/subjects/sh85114855
7769850,https://search.library.yale.edu/catalog/7769850,powys gertrude m gertrude mary,"Powys, Gertrude M. (Gertrude Mary)",,http://id.loc.gov/authorities/names/nr90000571,http://id.loc.gov/authorities/names/nr90000571
8559196,https://search.library.yale.edu/catalog/8559196,adams thomas of alnwick,"Adams, Thomas, of Alnwick.",,http://id.loc.gov/authorities/names/nb2009009058,http://id.loc.gov/authorities/names/nb2009009058
9331249,https://search.library.yale.edu/catalog/9331249,adams thomas of alnwick,"Adams, Thomas, of Alnwick.",,http://id.loc.gov/authorities/names/nb2009009058,http://id.loc.gov/authorities/names/nb2009009058
12358022,https://search.library.yale.edu/catalog/12358022,goodricke john sir,"Goodricke, John, Sir.",,http://id.loc.gov/authorities/names/n80017138,http://id.loc.gov/authorities/names/n80017138